IPHONE 14 PRO,R$ 4.100,https://ce.olx.com.br/fortaleza-e-regiao/celulares/iphone-14-pro-1405395922
iphone 14 estelar 128g,R$ 3.780,https://ce.olx.com.br/fortaleza-e-regiao/celulares/iphone-14-estelar-128g-1406999742
Iphone 14 em ótimo estado,R$ 3.400,https://ce.olx.com.br/fortaleza-e-regiao/celulares/iphone-14-em-otimo-estado-1408065616
iPhone 14 256GB,R$ 2.700,https://ce.olx.com.br/fortaleza-e-regiao/celulares/iphone-14-256gb-1410685283
iPhone 14 Pro Max 256G,R$ 4.300,https://ce.olx.com.br/fortaleza-e-regiao/celulares/iphone-14-pro-max-256g-1410676810
Iphone 14 128gb,R$ 3.000,https://ce.olx.com.br/regiao-de-juazeiro-do-norte-e-sobral/celulares/iphone-14-128gb-1410671643
Iphone 14 128gb NOVO,R$ 3.000,https://ce.olx.com.br/fortaleza-e-regiao/celulares/iphone-14-128gb-novo-1410671043
iPhone 14,R$ 2.650,https://ce.olx.com.br/fortaleza-e-regiao/celulares/iphone-14-1410652262
iPhone 14 Pro Max,R$ 4.900,https://ce.olx.com.br/fortaleza-e-regiao/celulares/iphone-14-pro-max-1410647154
iPhone 14 semi novo,R$ 3.000,https://ce.olx.com.br/fortaleza-e-regiao/celulares/iphone-14-semi-novo-1410642451
Iphone 14 muito novo 128gb zero com caixa,R$ 3.100,https://ce.olx.com.br/fortaleza-e-regiao/celulares/iphone-14-muito-novo-128gb-zero-com-caixa-1410636668
iPhone 14 - 128Gb,R$ 2.900,https://ce.olx.com.br/fortaleza-e-regiao/celulares/iphone-14-128gb-1410632940
iPhone 14 -128GB ZERADO!,R$ 2.950,https://ce.olx.com.br/fortaleza-e-regiao/celulares/iphone-14-128gb-zerado-1410621615
iPhone 14 Pro Max,R$ 5.200,https://ce.olx.com.br/fortaleza-e-regiao/celulares/iphone-14-pro-max-1410620606
iPhone 14 Pro Max impecável completo + brindes - Troco,R$ 4.300,https://ce.olx.com.br/fortaleza-e-regiao/celulares/iphone-14-pro-max-impecavel-completo-brindes-troco-1410620510
iPhone 14 Pró Max 256Gigas,R$ 4.000,https://ce.olx.com.br/fortaleza-e-regiao/celulares/iphone-14-pro-max-256gigas-1410611885
IPHONE 14 PRO MAX 128GB,R$ 4.250,https://ce.olx.com.br/fortaleza-e-regiao/celulares/iphone-14-pro-max-128gb-1410610001
iPhone 14 128gb em perfeito estado de conservação,R$ 3.000,https://ce.olx.com.br/fortaleza-e-regiao/celulares/iphone-14-128gb-em-perfeito-estado-de-conservacao-1410608236
iPhone 14 256gb Lacrado Chip Físico,R$ 4.500,https://ce.olx.com.br/fortaleza-e-regiao/celulares/iphone-14-256gb-lacrado-chip-fisico-1410599320
iPhone 14 Pro Max 128gb,R$ 4.000,https://ce.olx.com.br/fortaleza-e-regiao/celulares/iphone-14-pro-max-128gb-1410597110
Iphone 14 pro Max 128gb 85% bateria,R$ 4.300,https://ce.olx.com.br/fortaleza-e-regiao/celulares/iphone-14-pro-max-128gb-85-bateria-1410576500
Iphone 14 128gb, novo, lacrado!,R$ 3.999,https://ce.olx.com.br/fortaleza-e-regiao/celulares/iphone-14-128gb-novo-lacrado-1410571325
iPhone 14 Plus - 128gb,R$ 3.400,https://ce.olx.com.br/fortaleza-e-regiao/celulares/iphone-14-plus-128gb-1410569634
iPhone 14 única dona,R$ 3.400,https://ce.olx.com.br/fortaleza-e-regiao/celulares/iphone-14-unica-dona-1410562590
iPhone 14 pro Max 256gb todo original,R$ 4.450,https://ce.olx.com.br/fortaleza-e-regiao/celulares/iphone-14-pro-max-256gb-todo-original-1410561669
IPHONE 14 PLUS COM NOTA FISCAL E GAR APPLE,R$ 3.899,https://ce.olx.com.br/fortaleza-e-regiao/celulares/iphone-14-plus-com-nota-fiscal-e-gar-apple-1410540803
iPhone 14 Pro Max,R$ 4.300,https://ce.olx.com.br/fortaleza-e-regiao/celulares/iphone-14-pro-max-1410524954
Iphone 14 pro Todo Original,R$ 4.000,https://ce.olx.com.br/fortaleza-e-regiao/celulares/iphone-14-pro-todo-original-1410509551
iPhone 14 usado 128gb meia-noite,R$ 3.300,https://ce.olx.com.br/fortaleza-e-regiao/celulares/iphone-14-usado-128gb-meia-noite-1410509184
Celular iPhone 14 Pro Max,R$ 4.500,https://ce.olx.com.br/fortaleza-e-regiao/celulares/celular-iphone-14-pro-max-1410503930
iPhone 14 Pro Max - TODO ORIGINAL - ACEITO OFERTA,R$ 4.700,https://ce.olx.com.br/fortaleza-e-regiao/celulares/iphone-14-pro-max-todo-original-aceito-oferta-1410496325
Iphone 14 pro,R$ 3.850,https://ce.olx.com.br/fortaleza-e-regiao/celulares/iphone-14-pro-1410495771
iPhone 14 Plus - 256 Gb,R$ 3.000,https://ce.olx.com.br/fortaleza-e-regiao/celulares/iphone-14-plus-256-gb-1410490853
IPHONE 14 PRÓ MAX 256GB FÍSICO,R$ 4.100,https://ce.olx.com.br/fortaleza-e-regiao/celulares/iphone-14-pro-max-256gb-fisico-1410484602
iPhone 14 Plus seminovo,R$ 3.600,https://ce.olx.com.br/fortaleza-e-regiao/celulares/iphone-14-plus-seminovo-1410477756
iPhone 14 - 256g,R$ 3.250,https://ce.olx.com.br/fortaleza-e-regiao/celulares/iphone-14-256g-1410449827
iphone 14 Lilás,R$ 3.100,https://ce.olx.com.br/fortaleza-e-regiao/celulares/iphone-14-lilas-1410429298
IPHONE 14 PRO MAX ROXO 128GB ESIM - SEMI ZERO,R$ 4.700,https://ce.olx.com.br/fortaleza-e-regiao/celulares/iphone-14-pro-max-roxo-128gb-esim-semi-zero-1410366675
iPhone 14 256GB LACRADO,R$ 4.400,https://ce.olx.com.br/fortaleza-e-regiao/celulares/iphone-14-256gb-lacrado-1410363655
iPhone 14 preto 128GB LACRADO,R$ 4.000,https://ce.olx.com.br/fortaleza-e-regiao/celulares/iphone-14-preto-128gb-lacrado-1410362948
iPhone 14 128 Preto eSIM,R$ 4.000,https://ce.olx.com.br/fortaleza-e-regiao/celulares/iphone-14-128-preto-esim-1385637693
iPhone 14 128gb em estado de novo,R$ 3.500,https://ce.olx.com.br/fortaleza-e-regiao/celulares/iphone-14-128gb-em-estado-de-novo-1410346218
iPhone 14 128gb extra,R$ 3.100,https://ce.olx.com.br/fortaleza-e-regiao/celulares/iphone-14-128gb-extra-1410342560
Iphone 14 pro max,R$ 4.700,https://ce.olx.com.br/fortaleza-e-regiao/celulares/iphone-14-pro-max-1410341275
Iphone 14 Pro Max 128Gb Gold Impecável,R$ 4.599,https://ce.olx.com.br/fortaleza-e-regiao/celulares/iphone-14-pro-max-128gb-gold-impecavel-1394651530
iPhone 14 Pro Max de loja disponível com garantia de 3 meses e acessórios,R$ 4.599,https://ce.olx.com.br/fortaleza-e-regiao/celulares/iphone-14-pro-max-de-loja-disponivel-com-garantia-de-3-meses-e-acessorios-1395568891
iPhone 14 Plus,R$ 3.600,https://ce.olx.com.br/fortaleza-e-regiao/celulares/iphone-14-plus-1410324665
IPhone 14 Pro Max 128GB Dourado - Impecável!<br>,R$ 4.650,https://ce.olx.com.br/fortaleza-e-regiao/celulares/iphone-14-pro-max-128gb-dourado-impecavel-br-1410321100
iPhone 14 Pro 128GB Branco - Impecável, com caixa e cabo!,R$ 3.900,https://ce.olx.com.br/fortaleza-e-regiao/celulares/iphone-14-pro-128gb-branco-impecavel-com-caixa-e-cabo-1410313751
iPhone 14 - perfeito estado,R$ 3.400,https://ce.olx.com.br/fortaleza-e-regiao/celulares/iphone-14-perfeito-estado-1410312743
